{"playerVelocity":{"x":0.0,"y":0.0},"playerPos":{"x":-3.8507940769195558,"y":3.009986162185669,"z":0.0},"saveinteger":0}